"MEASURE","Data item","REGIONTYPE","Geography Level","LGA_2019","Region","FREQUENCY","Frequency","TIME","Time","Value","Flag Codes","Flags"
"CENSUS_29","Australian citizen (%)","LGA2019","Local Government Areas (2019)","20110","Alpine (S)","A","Annual","2016","2016",87.5,,
"CENSUS_33","Speaks a Language Other Than English at Home (%)","LGA2019","Local Government Areas (2019)","20110","Alpine (S)","A","Annual","2016","2016",7.6,,
"INCOME_2","Median employee income ($)","LGA2019","Local Government Areas (2019)","20110","Alpine (S)","A","Annual","2016","2016",36999,,
"HIGH_2","Completed Year 12 or equivalent (%)","LGA2019","Local Government Areas (2019)","20110","Alpine (S)","A","Annual","2016","2016",38.2,,
"CENSUS_29","Australian citizen (%)","LGA2019","Local Government Areas (2019)","20260","Ararat (RC)","A","Annual","2016","2016",83.5,,
"CENSUS_33","Speaks a Language Other Than English at Home (%)","LGA2019","Local Government Areas (2019)","20260","Ararat (RC)","A","Annual","2016","2016",3.7,,
"INCOME_2","Median employee income ($)","LGA2019","Local Government Areas (2019)","20260","Ararat (RC)","A","Annual","2016","2016",40508,,
"HIGH_2","Completed Year 12 or equivalent (%)","LGA2019","Local Government Areas (2019)","20260","Ararat (RC)","A","Annual","2016","2016",32.2,,
"CENSUS_29","Australian citizen (%)","LGA2019","Local Government Areas (2019)","20570","Ballarat (C)","A","Annual","2016","2016",89.6,,
"CENSUS_33","Speaks a Language Other Than English at Home (%)","LGA2019","Local Government Areas (2019)","20570","Ballarat (C)","A","Annual","2016","2016",5.4,,
"INCOME_2","Median employee income ($)","LGA2019","Local Government Areas (2019)","20570","Ballarat (C)","A","Annual","2016","2016",44699,,
"HIGH_2","Completed Year 12 or equivalent (%)","LGA2019","Local Government Areas (2019)","20570","Ballarat (C)","A","Annual","2016","2016",45.3,,
"CENSUS_29","Australian citizen (%)","LGA2019","Local Government Areas (2019)","20660","Banyule (C)","A","Annual","2016","2016",86.3,,
"CENSUS_33","Speaks a Language Other Than English at Home (%)","LGA2019","Local Government Areas (2019)","20660","Banyule (C)","A","Annual","2016","2016",21.7,,
"INCOME_2","Median employee income ($)","LGA2019","Local Government Areas (2019)","20660","Banyule (C)","A","Annual","2016","2016",52743,,
"HIGH_2","Completed Year 12 or equivalent (%)","LGA2019","Local Government Areas (2019)","20660","Banyule (C)","A","Annual","2016","2016",60.9,,
"CENSUS_29","Australian citizen (%)","LGA2019","Local Government Areas (2019)","20740","Bass Coast (S)","A","Annual","2016","2016",88.1,,
"CENSUS_33","Speaks a Language Other Than English at Home (%)","LGA2019","Local Government Areas (2019)","20740","Bass Coast (S)","A","Annual","2016","2016",4.8,,
"INCOME_2","Median employee income ($)","LGA2019","Local Government Areas (2019)","20740","Bass Coast (S)","A","Annual","2016","2016",37048,,
"HIGH_2","Completed Year 12 or equivalent (%)","LGA2019","Local Government Areas (2019)","20740","Bass Coast (S)","A","Annual","2016","2016",36.6,,
"CENSUS_29","Australian citizen (%)","LGA2019","Local Government Areas (2019)","20830","Baw Baw (S)","A","Annual","2016","2016",89.5,,
"CENSUS_33","Speaks a Language Other Than English at Home (%)","LGA2019","Local Government Areas (2019)","20830","Baw Baw (S)","A","Annual","2016","2016",4,,
"INCOME_2","Median employee income ($)","LGA2019","Local Government Areas (2019)","20830","Baw Baw (S)","A","Annual","2016","2016",43928,,
"HIGH_2","Completed Year 12 or equivalent (%)","LGA2019","Local Government Areas (2019)","20830","Baw Baw (S)","A","Annual","2016","2016",38.2,,
"CENSUS_29","Australian citizen (%)","LGA2019","Local Government Areas (2019)","20910","Bayside (C)","A","Annual","2016","2016",85.4,,
"CENSUS_33","Speaks a Language Other Than English at Home (%)","LGA2019","Local Government Areas (2019)","20910","Bayside (C)","A","Annual","2016","2016",14.7,,
"INCOME_2","Median employee income ($)","LGA2019","Local Government Areas (2019)","20910","Bayside (C)","A","Annual","2016","2016",56121,,
"HIGH_2","Completed Year 12 or equivalent (%)","LGA2019","Local Government Areas (2019)","20910","Bayside (C)","A","Annual","2016","2016",68.1,,
"CENSUS_29","Australian citizen (%)","LGA2019","Local Government Areas (2019)","21010","Benalla (RC)","A","Annual","2016","2016",89.5,,
"CENSUS_33","Speaks a Language Other Than English at Home (%)","LGA2019","Local Government Areas (2019)","21010","Benalla (RC)","A","Annual","2016","2016",2.8,,
"INCOME_2","Median employee income ($)","LGA2019","Local Government Areas (2019)","21010","Benalla (RC)","A","Annual","2016","2016",41197,,
"HIGH_2","Completed Year 12 or equivalent (%)","LGA2019","Local Government Areas (2019)","21010","Benalla (RC)","A","Annual","2016","2016",34.4,,
"CENSUS_29","Australian citizen (%)","LGA2019","Local Government Areas (2019)","21110","Boroondara (C)","A","Annual","2016","2016",81.6,,
"CENSUS_33","Speaks a Language Other Than English at Home (%)","LGA2019","Local Government Areas (2019)","21110","Boroondara (C)","A","Annual","2016","2016",27.3,,
"INCOME_2","Median employee income ($)","LGA2019","Local Government Areas (2019)","21110","Boroondara (C)","A","Annual","2016","2016",54004,,
"HIGH_2","Completed Year 12 or equivalent (%)","LGA2019","Local Government Areas (2019)","21110","Boroondara (C)","A","Annual","2016","2016",74.8,,
"CENSUS_29","Australian citizen (%)","LGA2019","Local Government Areas (2019)","21180","Brimbank (C)","A","Annual","2016","2016",77.3,,
"CENSUS_33","Speaks a Language Other Than English at Home (%)","LGA2019","Local Government Areas (2019)","21180","Brimbank (C)","A","Annual","2016","2016",58.4,,
"INCOME_2","Median employee income ($)","LGA2019","Local Government Areas (2019)","21180","Brimbank (C)","A","Annual","2016","2016",43917,,
"HIGH_2","Completed Year 12 or equivalent (%)","LGA2019","Local Government Areas (2019)","21180","Brimbank (C)","A","Annual","2016","2016",52.3,,
"CENSUS_29","Australian citizen (%)","LGA2019","Local Government Areas (2019)","21270","Buloke (S)","A","Annual","2016","2016",88.8,,
"CENSUS_33","Speaks a Language Other Than English at Home (%)","LGA2019","Local Government Areas (2019)","21270","Buloke (S)","A","Annual","2016","2016",2.7,,
"INCOME_2","Median employee income ($)","LGA2019","Local Government Areas (2019)","21270","Buloke (S)","A","Annual","2016","2016",33757,,
"HIGH_2","Completed Year 12 or equivalent (%)","LGA2019","Local Government Areas (2019)","21270","Buloke (S)","A","Annual","2016","2016",30,,
"CENSUS_29","Australian citizen (%)","LGA2019","Local Government Areas (2019)","21370","Campaspe (S)","A","Annual","2016","2016",89.9,,
"CENSUS_33","Speaks a Language Other Than English at Home (%)","LGA2019","Local Government Areas (2019)","21370","Campaspe (S)","A","Annual","2016","2016",2.9,,
"INCOME_2","Median employee income ($)","LGA2019","Local Government Areas (2019)","21370","Campaspe (S)","A","Annual","2016","2016",41568,,
"HIGH_2","Completed Year 12 or equivalent (%)","LGA2019","Local Government Areas (2019)","21370","Campaspe (S)","A","Annual","2016","2016",30.6,,
"CENSUS_29","Australian citizen (%)","LGA2019","Local Government Areas (2019)","21450","Cardinia (S)","A","Annual","2016","2016",86.4,,
"CENSUS_33","Speaks a Language Other Than English at Home (%)","LGA2019","Local Government Areas (2019)","21450","Cardinia (S)","A","Annual","2016","2016",11.2,,
"INCOME_2","Median employee income ($)","LGA2019","Local Government Areas (2019)","21450","Cardinia (S)","A","Annual","2016","2016",46938,,
"HIGH_2","Completed Year 12 or equivalent (%)","LGA2019","Local Government Areas (2019)","21450","Cardinia (S)","A","Annual","2016","2016",44.6,,
"CENSUS_29","Australian citizen (%)","LGA2019","Local Government Areas (2019)","21610","Casey (C)","A","Annual","2016","2016",80.6,,
"CENSUS_33","Speaks a Language Other Than English at Home (%)","LGA2019","Local Government Areas (2019)","21610","Casey (C)","A","Annual","2016","2016",35.8,,
"INCOME_2","Median employee income ($)","LGA2019","Local Government Areas (2019)","21610","Casey (C)","A","Annual","2016","2016",47492,,
"HIGH_2","Completed Year 12 or equivalent (%)","LGA2019","Local Government Areas (2019)","21610","Casey (C)","A","Annual","2016","2016",52.3,,
"CENSUS_29","Australian citizen (%)","LGA2019","Local Government Areas (2019)","21670","Central Goldfields (S)","A","Annual","2016","2016",90.3,,
"CENSUS_33","Speaks a Language Other Than English at Home (%)","LGA2019","Local Government Areas (2019)","21670","Central Goldfields (S)","A","Annual","2016","2016",2.5,,
"INCOME_2","Median employee income ($)","LGA2019","Local Government Areas (2019)","21670","Central Goldfields (S)","A","Annual","2016","2016",37347,,
"HIGH_2","Completed Year 12 or equivalent (%)","LGA2019","Local Government Areas (2019)","21670","Central Goldfields (S)","A","Annual","2016","2016",29.3,,
"CENSUS_29","Australian citizen (%)","LGA2019","Local Government Areas (2019)","21750","Colac-Otway (S)","A","Annual","2016","2016",89.1,,
"CENSUS_33","Speaks a Language Other Than English at Home (%)","LGA2019","Local Government Areas (2019)","21750","Colac-Otway (S)","A","Annual","2016","2016",4.2,,
"INCOME_2","Median employee income ($)","LGA2019","Local Government Areas (2019)","21750","Colac-Otway (S)","A","Annual","2016","2016",40309,,
"HIGH_2","Completed Year 12 or equivalent (%)","LGA2019","Local Government Areas (2019)","21750","Colac-Otway (S)","A","Annual","2016","2016",35.7,,
"CENSUS_29","Australian citizen (%)","LGA2019","Local Government Areas (2019)","21830","Corangamite (S)","A","Annual","2016","2016",89.4,,
"CENSUS_33","Speaks a Language Other Than English at Home (%)","LGA2019","Local Government Areas (2019)","21830","Corangamite (S)","A","Annual","2016","2016",1.7,,
"INCOME_2","Median employee income ($)","LGA2019","Local Government Areas (2019)","21830","Corangamite (S)","A","Annual","2016","2016",38374,,
"HIGH_2","Completed Year 12 or equivalent (%)","LGA2019","Local Government Areas (2019)","21830","Corangamite (S)","A","Annual","2016","2016",32.5,,
"CENSUS_29","Australian citizen (%)","LGA2019","Local Government Areas (2019)","21890","Darebin (C)","A","Annual","2016","2016",77.9,,
"CENSUS_33","Speaks a Language Other Than English at Home (%)","LGA2019","Local Government Areas (2019)","21890","Darebin (C)","A","Annual","2016","2016",37,,
"INCOME_2","Median employee income ($)","LGA2019","Local Government Areas (2019)","21890","Darebin (C)","A","Annual","2016","2016",48779,,
"HIGH_2","Completed Year 12 or equivalent (%)","LGA2019","Local Government Areas (2019)","21890","Darebin (C)","A","Annual","2016","2016",62.7,,
"CENSUS_29","Australian citizen (%)","LGA2019","Local Government Areas (2019)","22110","East Gippsland (S)","A","Annual","2016","2016",88.3,,
"CENSUS_33","Speaks a Language Other Than English at Home (%)","LGA2019","Local Government Areas (2019)","22110","East Gippsland (S)","A","Annual","2016","2016",3.5,,
"INCOME_2","Median employee income ($)","LGA2019","Local Government Areas (2019)","22110","East Gippsland (S)","A","Annual","2016","2016",37835,,
"HIGH_2","Completed Year 12 or equivalent (%)","LGA2019","Local Government Areas (2019)","22110","East Gippsland (S)","A","Annual","2016","2016",33.5,,
"CENSUS_29","Australian citizen (%)","LGA2019","Local Government Areas (2019)","22170","Frankston (C)","A","Annual","2016","2016",85,,
"CENSUS_33","Speaks a Language Other Than English at Home (%)","LGA2019","Local Government Areas (2019)","22170","Frankston (C)","A","Annual","2016","2016",11.4,,
"INCOME_2","Median employee income ($)","LGA2019","Local Government Areas (2019)","22170","Frankston (C)","A","Annual","2016","2016",47678,,
"HIGH_2","Completed Year 12 or equivalent (%)","LGA2019","Local Government Areas (2019)","22170","Frankston (C)","A","Annual","2016","2016",46.4,,
"CENSUS_29","Australian citizen (%)","LGA2019","Local Government Areas (2019)","22250","Gannawarra (S)","A","Annual","2016","2016",91.1,,
"CENSUS_33","Speaks a Language Other Than English at Home (%)","LGA2019","Local Government Areas (2019)","22250","Gannawarra (S)","A","Annual","2016","2016",2,,
"INCOME_2","Median employee income ($)","LGA2019","Local Government Areas (2019)","22250","Gannawarra (S)","A","Annual","2016","2016",37360,,
"HIGH_2","Completed Year 12 or equivalent (%)","LGA2019","Local Government Areas (2019)","22250","Gannawarra (S)","A","Annual","2016","2016",26.1,,
"CENSUS_29","Australian citizen (%)","LGA2019","Local Government Areas (2019)","22310","Glen Eira (C)","A","Annual","2016","2016",79.6,,
"CENSUS_33","Speaks a Language Other Than English at Home (%)","LGA2019","Local Government Areas (2019)","22310","Glen Eira (C)","A","Annual","2016","2016",31.5,,
"INCOME_2","Median employee income ($)","LGA2019","Local Government Areas (2019)","22310","Glen Eira (C)","A","Annual","2016","2016",52000,,
"HIGH_2","Completed Year 12 or equivalent (%)","LGA2019","Local Government Areas (2019)","22310","Glen Eira (C)","A","Annual","2016","2016",71.2,,
"CENSUS_29","Australian citizen (%)","LGA2019","Local Government Areas (2019)","22410","Glenelg (S)","A","Annual","2016","2016",89.2,,
"CENSUS_33","Speaks a Language Other Than English at Home (%)","LGA2019","Local Government Areas (2019)","22410","Glenelg (S)","A","Annual","2016","2016",2.3,,
"INCOME_2","Median employee income ($)","LGA2019","Local Government Areas (2019)","22410","Glenelg (S)","A","Annual","2016","2016",41286,,
"HIGH_2","Completed Year 12 or equivalent (%)","LGA2019","Local Government Areas (2019)","22410","Glenelg (S)","A","Annual","2016","2016",30.2,,
"CENSUS_29","Australian citizen (%)","LGA2019","Local Government Areas (2019)","22490","Golden Plains (S)","A","Annual","2016","2016",91.5,,
"CENSUS_33","Speaks a Language Other Than English at Home (%)","LGA2019","Local Government Areas (2019)","22490","Golden Plains (S)","A","Annual","2016","2016",3,,
"INCOME_2","Median employee income ($)","LGA2019","Local Government Areas (2019)","22490","Golden Plains (S)","A","Annual","2016","2016",46592,,
"HIGH_2","Completed Year 12 or equivalent (%)","LGA2019","Local Government Areas (2019)","22490","Golden Plains (S)","A","Annual","2016","2016",40.5,,
"CENSUS_29","Australian citizen (%)","LGA2019","Local Government Areas (2019)","22620","Greater Bendigo (C)","A","Annual","2016","2016",89.9,,
"CENSUS_33","Speaks a Language Other Than English at Home (%)","LGA2019","Local Government Areas (2019)","22620","Greater Bendigo (C)","A","Annual","2016","2016",4.6,,
"INCOME_2","Median employee income ($)","LGA2019","Local Government Areas (2019)","22620","Greater Bendigo (C)","A","Annual","2016","2016",44554,,
"HIGH_2","Completed Year 12 or equivalent (%)","LGA2019","Local Government Areas (2019)","22620","Greater Bendigo (C)","A","Annual","2016","2016",41.2,,
"CENSUS_29","Australian citizen (%)","LGA2019","Local Government Areas (2019)","22670","Greater Dandenong (C)","A","Annual","2016","2016",70.6,,
"CENSUS_33","Speaks a Language Other Than English at Home (%)","LGA2019","Local Government Areas (2019)","22670","Greater Dandenong (C)","A","Annual","2016","2016",64.5,,
"INCOME_2","Median employee income ($)","LGA2019","Local Government Areas (2019)","22670","Greater Dandenong (C)","A","Annual","2016","2016",41022,,
"HIGH_2","Completed Year 12 or equivalent (%)","LGA2019","Local Government Areas (2019)","22670","Greater Dandenong (C)","A","Annual","2016","2016",52.8,,
"CENSUS_29","Australian citizen (%)","LGA2019","Local Government Areas (2019)","22750","Greater Geelong (C)","A","Annual","2016","2016",87.3,,
"CENSUS_33","Speaks a Language Other Than English at Home (%)","LGA2019","Local Government Areas (2019)","22750","Greater Geelong (C)","A","Annual","2016","2016",10.6,,
"INCOME_2","Median employee income ($)","LGA2019","Local Government Areas (2019)","22750","Greater Geelong (C)","A","Annual","2016","2016",45256,,
"HIGH_2","Completed Year 12 or equivalent (%)","LGA2019","Local Government Areas (2019)","22750","Greater Geelong (C)","A","Annual","2016","2016",46.4,,
"CENSUS_29","Australian citizen (%)","LGA2019","Local Government Areas (2019)","22830","Greater Shepparton (C)","A","Annual","2016","2016",84.2,,
"CENSUS_33","Speaks a Language Other Than English at Home (%)","LGA2019","Local Government Areas (2019)","22830","Greater Shepparton (C)","A","Annual","2016","2016",14.7,,
"INCOME_2","Median employee income ($)","LGA2019","Local Government Areas (2019)","22830","Greater Shepparton (C)","A","Annual","2016","2016",41557,,
"HIGH_2","Completed Year 12 or equivalent (%)","LGA2019","Local Government Areas (2019)","22830","Greater Shepparton (C)","A","Annual","2016","2016",36.1,,
"CENSUS_29","Australian citizen (%)","LGA2019","Local Government Areas (2019)","22910","Hepburn (S)","A","Annual","2016","2016",86.6,,
"CENSUS_33","Speaks a Language Other Than English at Home (%)","LGA2019","Local Government Areas (2019)","22910","Hepburn (S)","A","Annual","2016","2016",4.7,,
"INCOME_2","Median employee income ($)","LGA2019","Local Government Areas (2019)","22910","Hepburn (S)","A","Annual","2016","2016",40663,,
"HIGH_2","Completed Year 12 or equivalent (%)","LGA2019","Local Government Areas (2019)","22910","Hepburn (S)","A","Annual","2016","2016",43.2,,
"CENSUS_29","Australian citizen (%)","LGA2019","Local Government Areas (2019)","22980","Hindmarsh (S)","A","Annual","2016","2016",89.8,,
"CENSUS_33","Speaks a Language Other Than English at Home (%)","LGA2019","Local Government Areas (2019)","22980","Hindmarsh (S)","A","Annual","2016","2016",5.4,,
"INCOME_2","Median employee income ($)","LGA2019","Local Government Areas (2019)","22980","Hindmarsh (S)","A","Annual","2016","2016",39591,,
"HIGH_2","Completed Year 12 or equivalent (%)","LGA2019","Local Government Areas (2019)","22980","Hindmarsh (S)","A","Annual","2016","2016",28.7,,
"CENSUS_29","Australian citizen (%)","LGA2019","Local Government Areas (2019)","23110","Hobsons Bay (C)","A","Annual","2016","2016",82.1,,
"CENSUS_33","Speaks a Language Other Than English at Home (%)","LGA2019","Local Government Areas (2019)","23110","Hobsons Bay (C)","A","Annual","2016","2016",29,,
"INCOME_2","Median employee income ($)","LGA2019","Local Government Areas (2019)","23110","Hobsons Bay (C)","A","Annual","2016","2016",54226,,
"HIGH_2","Completed Year 12 or equivalent (%)","LGA2019","Local Government Areas (2019)","23110","Hobsons Bay (C)","A","Annual","2016","2016",56.4,,
"CENSUS_29","Australian citizen (%)","LGA2019","Local Government Areas (2019)","23190","Horsham (RC)","A","Annual","2016","2016",92.1,,
"CENSUS_33","Speaks a Language Other Than English at Home (%)","LGA2019","Local Government Areas (2019)","23190","Horsham (RC)","A","Annual","2016","2016",3.8,,
"INCOME_2","Median employee income ($)","LGA2019","Local Government Areas (2019)","23190","Horsham (RC)","A","Annual","2016","2016",42104,,
"HIGH_2","Completed Year 12 or equivalent (%)","LGA2019","Local Government Areas (2019)","23190","Horsham (RC)","A","Annual","2016","2016",37,,
"CENSUS_29","Australian citizen (%)","LGA2019","Local Government Areas (2019)","23270","Hume (C)","A","Annual","2016","2016",80.8,,
"CENSUS_33","Speaks a Language Other Than English at Home (%)","LGA2019","Local Government Areas (2019)","23270","Hume (C)","A","Annual","2016","2016",44.9,,
"INCOME_2","Median employee income ($)","LGA2019","Local Government Areas (2019)","23270","Hume (C)","A","Annual","2016","2016",46351,,
"HIGH_2","Completed Year 12 or equivalent (%)","LGA2019","Local Government Areas (2019)","23270","Hume (C)","A","Annual","2016","2016",50,,
"CENSUS_29","Australian citizen (%)","LGA2019","Local Government Areas (2019)","23350","Indigo (S)","A","Annual","2016","2016",90.5,,
"CENSUS_33","Speaks a Language Other Than English at Home (%)","LGA2019","Local Government Areas (2019)","23350","Indigo (S)","A","Annual","2016","2016",2.3,,
"INCOME_2","Median employee income ($)","LGA2019","Local Government Areas (2019)","23350","Indigo (S)","A","Annual","2016","2016",45779,,
"HIGH_2","Completed Year 12 or equivalent (%)","LGA2019","Local Government Areas (2019)","23350","Indigo (S)","A","Annual","2016","2016",40.2,,
"CENSUS_29","Australian citizen (%)","LGA2019","Local Government Areas (2019)","23430","Kingston (C) (Vic.)","A","Annual","2016","2016",83.4,,
"CENSUS_33","Speaks a Language Other Than English at Home (%)","LGA2019","Local Government Areas (2019)","23430","Kingston (C) (Vic.)","A","Annual","2016","2016",26,,
"INCOME_2","Median employee income ($)","LGA2019","Local Government Areas (2019)","23430","Kingston (C) (Vic.)","A","Annual","2016","2016",51198,,
"HIGH_2","Completed Year 12 or equivalent (%)","LGA2019","Local Government Areas (2019)","23430","Kingston (C) (Vic.)","A","Annual","2016","2016",58.5,,
"CENSUS_29","Australian citizen (%)","LGA2019","Local Government Areas (2019)","23670","Knox (C)","A","Annual","2016","2016",85.3,,
"CENSUS_33","Speaks a Language Other Than English at Home (%)","LGA2019","Local Government Areas (2019)","23670","Knox (C)","A","Annual","2016","2016",25.2,,
"INCOME_2","Median employee income ($)","LGA2019","Local Government Areas (2019)","23670","Knox (C)","A","Annual","2016","2016",48692,,
"HIGH_2","Completed Year 12 or equivalent (%)","LGA2019","Local Government Areas (2019)","23670","Knox (C)","A","Annual","2016","2016",55,,
"CENSUS_29","Australian citizen (%)","LGA2019","Local Government Areas (2019)","23810","Latrobe (C) (Vic.)","A","Annual","2016","2016",87.6,,
"CENSUS_33","Speaks a Language Other Than English at Home (%)","LGA2019","Local Government Areas (2019)","23810","Latrobe (C) (Vic.)","A","Annual","2016","2016",6.6,,
"INCOME_2","Median employee income ($)","LGA2019","Local Government Areas (2019)","23810","Latrobe (C) (Vic.)","A","Annual","2016","2016",47051,,
"HIGH_2","Completed Year 12 or equivalent (%)","LGA2019","Local Government Areas (2019)","23810","Latrobe (C) (Vic.)","A","Annual","2016","2016",35.1,,
"CENSUS_29","Australian citizen (%)","LGA2019","Local Government Areas (2019)","23940","Loddon (S)","A","Annual","2016","2016",86.2,,
"CENSUS_33","Speaks a Language Other Than English at Home (%)","LGA2019","Local Government Areas (2019)","23940","Loddon (S)","A","Annual","2016","2016",3,,
"INCOME_2","Median employee income ($)","LGA2019","Local Government Areas (2019)","23940","Loddon (S)","A","Annual","2016","2016",36936,,
"HIGH_2","Completed Year 12 or equivalent (%)","LGA2019","Local Government Areas (2019)","23940","Loddon (S)","A","Annual","2016","2016",27.3,,
"CENSUS_29","Australian citizen (%)","LGA2019","Local Government Areas (2019)","24130","Macedon Ranges (S)","A","Annual","2016","2016",89.4,,
"CENSUS_33","Speaks a Language Other Than English at Home (%)","LGA2019","Local Government Areas (2019)","24130","Macedon Ranges (S)","A","Annual","2016","2016",4.5,,
"INCOME_2","Median employee income ($)","LGA2019","Local Government Areas (2019)","24130","Macedon Ranges (S)","A","Annual","2016","2016",50597,,
"HIGH_2","Completed Year 12 or equivalent (%)","LGA2019","Local Government Areas (2019)","24130","Macedon Ranges (S)","A","Annual","2016","2016",50,,
"CENSUS_29","Australian citizen (%)","LGA2019","Local Government Areas (2019)","24210","Manningham (C)","A","Annual","2016","2016",82,,
"CENSUS_33","Speaks a Language Other Than English at Home (%)","LGA2019","Local Government Areas (2019)","24210","Manningham (C)","A","Annual","2016","2016",42.5,,
"INCOME_2","Median employee income ($)","LGA2019","Local Government Areas (2019)","24210","Manningham (C)","A","Annual","2016","2016",47275,,
"HIGH_2","Completed Year 12 or equivalent (%)","LGA2019","Local Government Areas (2019)","24210","Manningham (C)","A","Annual","2016","2016",63.5,,
"CENSUS_29","Australian citizen (%)","LGA2019","Local Government Areas (2019)","24250","Mansfield (S)","A","Annual","2016","2016",88.4,,
"CENSUS_33","Speaks a Language Other Than English at Home (%)","LGA2019","Local Government Areas (2019)","24250","Mansfield (S)","A","Annual","2016","2016",3.9,,
"INCOME_2","Median employee income ($)","LGA2019","Local Government Areas (2019)","24250","Mansfield (S)","A","Annual","2016","2016",35491,,
"HIGH_2","Completed Year 12 or equivalent (%)","LGA2019","Local Government Areas (2019)","24250","Mansfield (S)","A","Annual","2016","2016",39.8,,
"CENSUS_29","Australian citizen (%)","LGA2019","Local Government Areas (2019)","24330","Maribyrnong (C)","A","Annual","2016","2016",74,,
"CENSUS_33","Speaks a Language Other Than English at Home (%)","LGA2019","Local Government Areas (2019)","24330","Maribyrnong (C)","A","Annual","2016","2016",41.9,,
"INCOME_2","Median employee income ($)","LGA2019","Local Government Areas (2019)","24330","Maribyrnong (C)","A","Annual","2016","2016",49170,,
"HIGH_2","Completed Year 12 or equivalent (%)","LGA2019","Local Government Areas (2019)","24330","Maribyrnong (C)","A","Annual","2016","2016",66.1,,
"CENSUS_29","Australian citizen (%)","LGA2019","Local Government Areas (2019)","24410","Maroondah (C)","A","Annual","2016","2016",85.7,,
"CENSUS_33","Speaks a Language Other Than English at Home (%)","LGA2019","Local Government Areas (2019)","24410","Maroondah (C)","A","Annual","2016","2016",17,,
"INCOME_2","Median employee income ($)","LGA2019","Local Government Areas (2019)","24410","Maroondah (C)","A","Annual","2016","2016",49694,,
"HIGH_2","Completed Year 12 or equivalent (%)","LGA2019","Local Government Areas (2019)","24410","Maroondah (C)","A","Annual","2016","2016",55.3,,
"CENSUS_29","Australian citizen (%)","LGA2019","Local Government Areas (2019)","24600","Melbourne (C)","A","Annual","2016","2016",45.2,,
"CENSUS_33","Speaks a Language Other Than English at Home (%)","LGA2019","Local Government Areas (2019)","24600","Melbourne (C)","A","Annual","2016","2016",48.1,,
"INCOME_2","Median employee income ($)","LGA2019","Local Government Areas (2019)","24600","Melbourne (C)","A","Annual","2016","2016",40179,,
"HIGH_2","Completed Year 12 or equivalent (%)","LGA2019","Local Government Areas (2019)","24600","Melbourne (C)","A","Annual","2016","2016",77,,
"CENSUS_29","Australian citizen (%)","LGA2019","Local Government Areas (2019)","24650","Melton (C)","A","Annual","2016","2016",83.1,,
"CENSUS_33","Speaks a Language Other Than English at Home (%)","LGA2019","Local Government Areas (2019)","24650","Melton (C)","A","Annual","2016","2016",32.2,,
"INCOME_2","Median employee income ($)","LGA2019","Local Government Areas (2019)","24650","Melton (C)","A","Annual","2016","2016",49779,,
"HIGH_2","Completed Year 12 or equivalent (%)","LGA2019","Local Government Areas (2019)","24650","Melton (C)","A","Annual","2016","2016",50.9,,
"CENSUS_29","Australian citizen (%)","LGA2019","Local Government Areas (2019)","24780","Mildura (RC)","A","Annual","2016","2016",86.5,,
"CENSUS_33","Speaks a Language Other Than English at Home (%)","LGA2019","Local Government Areas (2019)","24780","Mildura (RC)","A","Annual","2016","2016",9.5,,
"INCOME_2","Median employee income ($)","LGA2019","Local Government Areas (2019)","24780","Mildura (RC)","A","Annual","2016","2016",39421,,
"HIGH_2","Completed Year 12 or equivalent (%)","LGA2019","Local Government Areas (2019)","24780","Mildura (RC)","A","Annual","2016","2016",33.5,,
"CENSUS_29","Australian citizen (%)","LGA2019","Local Government Areas (2019)","24850","Mitchell (S)","A","Annual","2016","2016",87.2,,
"CENSUS_33","Speaks a Language Other Than English at Home (%)","LGA2019","Local Government Areas (2019)","24850","Mitchell (S)","A","Annual","2016","2016",7.2,,
"INCOME_2","Median employee income ($)","LGA2019","Local Government Areas (2019)","24850","Mitchell (S)","A","Annual","2016","2016",47849,,
"HIGH_2","Completed Year 12 or equivalent (%)","LGA2019","Local Government Areas (2019)","24850","Mitchell (S)","A","Annual","2016","2016",38.8,,
"CENSUS_29","Australian citizen (%)","LGA2019","Local Government Areas (2019)","24900","Moira (S)","A","Annual","2016","2016",88,,
"CENSUS_33","Speaks a Language Other Than English at Home (%)","LGA2019","Local Government Areas (2019)","24900","Moira (S)","A","Annual","2016","2016",4.6,,
"INCOME_2","Median employee income ($)","LGA2019","Local Government Areas (2019)","24900","Moira (S)","A","Annual","2016","2016",40056,,
"HIGH_2","Completed Year 12 or equivalent (%)","LGA2019","Local Government Areas (2019)","24900","Moira (S)","A","Annual","2016","2016",30.1,,
"CENSUS_29","Australian citizen (%)","LGA2019","Local Government Areas (2019)","24970","Monash (C)","A","Annual","2016","2016",71.4,,
"CENSUS_33","Speaks a Language Other Than English at Home (%)","LGA2019","Local Government Areas (2019)","24970","Monash (C)","A","Annual","2016","2016",50.1,,
"INCOME_2","Median employee income ($)","LGA2019","Local Government Areas (2019)","24970","Monash (C)","A","Annual","2016","2016",47403,,
"HIGH_2","Completed Year 12 or equivalent (%)","LGA2019","Local Government Areas (2019)","24970","Monash (C)","A","Annual","2016","2016",67.9,,
"CENSUS_29","Australian citizen (%)","LGA2019","Local Government Areas (2019)","25060","Moonee Valley (C)","A","Annual","2016","2016",83.9,,
"CENSUS_33","Speaks a Language Other Than English at Home (%)","LGA2019","Local Government Areas (2019)","25060","Moonee Valley (C)","A","Annual","2016","2016",29.8,,
"INCOME_2","Median employee income ($)","LGA2019","Local Government Areas (2019)","25060","Moonee Valley (C)","A","Annual","2016","2016",53610,,
"HIGH_2","Completed Year 12 or equivalent (%)","LGA2019","Local Government Areas (2019)","25060","Moonee Valley (C)","A","Annual","2016","2016",61.1,,
"CENSUS_29","Australian citizen (%)","LGA2019","Local Government Areas (2019)","25150","Moorabool (S)","A","Annual","2016","2016",89,,
"CENSUS_33","Speaks a Language Other Than English at Home (%)","LGA2019","Local Government Areas (2019)","25150","Moorabool (S)","A","Annual","2016","2016",5.3,,
"INCOME_2","Median employee income ($)","LGA2019","Local Government Areas (2019)","25150","Moorabool (S)","A","Annual","2016","2016",49388,,
"HIGH_2","Completed Year 12 or equivalent (%)","LGA2019","Local Government Areas (2019)","25150","Moorabool (S)","A","Annual","2016","2016",41.2,,
"CENSUS_29","Australian citizen (%)","LGA2019","Local Government Areas (2019)","25250","Moreland (C)","A","Annual","2016","2016",78.5,,
"CENSUS_33","Speaks a Language Other Than English at Home (%)","LGA2019","Local Government Areas (2019)","25250","Moreland (C)","A","Annual","2016","2016",38.2,,
"INCOME_2","Median employee income ($)","LGA2019","Local Government Areas (2019)","25250","Moreland (C)","A","Annual","2016","2016",49893,,
"HIGH_2","Completed Year 12 or equivalent (%)","LGA2019","Local Government Areas (2019)","25250","Moreland (C)","A","Annual","2016","2016",63.6,,
"CENSUS_29","Australian citizen (%)","LGA2019","Local Government Areas (2019)","25340","Mornington Peninsula (S)","A","Annual","2016","2016",88.2,,
"CENSUS_33","Speaks a Language Other Than English at Home (%)","LGA2019","Local Government Areas (2019)","25340","Mornington Peninsula (S)","A","Annual","2016","2016",5.4,,
"INCOME_2","Median employee income ($)","LGA2019","Local Government Areas (2019)","25340","Mornington Peninsula (S)","A","Annual","2016","2016",43589,,
"HIGH_2","Completed Year 12 or equivalent (%)","LGA2019","Local Government Areas (2019)","25340","Mornington Peninsula (S)","A","Annual","2016","2016",46.3,,
"CENSUS_29","Australian citizen (%)","LGA2019","Local Government Areas (2019)","25430","Mount Alexander (S)","A","Annual","2016","2016",84.9,,
"CENSUS_33","Speaks a Language Other Than English at Home (%)","LGA2019","Local Government Areas (2019)","25430","Mount Alexander (S)","A","Annual","2016","2016",3.4,,
"INCOME_2","Median employee income ($)","LGA2019","Local Government Areas (2019)","25430","Mount Alexander (S)","A","Annual","2016","2016",41605,,
"HIGH_2","Completed Year 12 or equivalent (%)","LGA2019","Local Government Areas (2019)","25430","Mount Alexander (S)","A","Annual","2016","2016",43.4,,
"CENSUS_29","Australian citizen (%)","LGA2019","Local Government Areas (2019)","25490","Moyne (S)","A","Annual","2016","2016",88.8,,
"CENSUS_33","Speaks a Language Other Than English at Home (%)","LGA2019","Local Government Areas (2019)","25490","Moyne (S)","A","Annual","2016","2016",2.2,,
"INCOME_2","Median employee income ($)","LGA2019","Local Government Areas (2019)","25490","Moyne (S)","A","Annual","2016","2016",40104,,
"HIGH_2","Completed Year 12 or equivalent (%)","LGA2019","Local Government Areas (2019)","25490","Moyne (S)","A","Annual","2016","2016",38.3,,
"CENSUS_29","Australian citizen (%)","LGA2019","Local Government Areas (2019)","25620","Murrindindi (S)","A","Annual","2016","2016",87.8,,
"CENSUS_33","Speaks a Language Other Than English at Home (%)","LGA2019","Local Government Areas (2019)","25620","Murrindindi (S)","A","Annual","2016","2016",3.2,,
"INCOME_2","Median employee income ($)","LGA2019","Local Government Areas (2019)","25620","Murrindindi (S)","A","Annual","2016","2016",40716,,
"HIGH_2","Completed Year 12 or equivalent (%)","LGA2019","Local Government Areas (2019)","25620","Murrindindi (S)","A","Annual","2016","2016",37.4,,
"CENSUS_29","Australian citizen (%)","LGA2019","Local Government Areas (2019)","25710","Nillumbik (S)","A","Annual","2016","2016",90.6,,
"CENSUS_33","Speaks a Language Other Than English at Home (%)","LGA2019","Local Government Areas (2019)","25710","Nillumbik (S)","A","Annual","2016","2016",9.2,,
"INCOME_2","Median employee income ($)","LGA2019","Local Government Areas (2019)","25710","Nillumbik (S)","A","Annual","2016","2016",51480,,
"HIGH_2","Completed Year 12 or equivalent (%)","LGA2019","Local Government Areas (2019)","25710","Nillumbik (S)","A","Annual","2016","2016",59.5,,
"CENSUS_29","Australian citizen (%)","LGA2019","Local Government Areas (2019)","25810","Northern Grampians (S)","A","Annual","2016","2016",89.8,,
"CENSUS_33","Speaks a Language Other Than English at Home (%)","LGA2019","Local Government Areas (2019)","25810","Northern Grampians (S)","A","Annual","2016","2016",3.2,,
"INCOME_2","Median employee income ($)","LGA2019","Local Government Areas (2019)","25810","Northern Grampians (S)","A","Annual","2016","2016",39715,,
"HIGH_2","Completed Year 12 or equivalent (%)","LGA2019","Local Government Areas (2019)","25810","Northern Grampians (S)","A","Annual","2016","2016",33,,
"CENSUS_29","Australian citizen (%)","LGA2019","Local Government Areas (2019)","25900","Port Phillip (C)","A","Annual","2016","2016",72.9,,
"CENSUS_33","Speaks a Language Other Than English at Home (%)","LGA2019","Local Government Areas (2019)","25900","Port Phillip (C)","A","Annual","2016","2016",20.6,,
"INCOME_2","Median employee income ($)","LGA2019","Local Government Areas (2019)","25900","Port Phillip (C)","A","Annual","2016","2016",57800,,
"HIGH_2","Completed Year 12 or equivalent (%)","LGA2019","Local Government Areas (2019)","25900","Port Phillip (C)","A","Annual","2016","2016",71.3,,
"CENSUS_29","Australian citizen (%)","LGA2019","Local Government Areas (2019)","25990","Pyrenees (S)","A","Annual","2016","2016",84.1,,
"CENSUS_33","Speaks a Language Other Than English at Home (%)","LGA2019","Local Government Areas (2019)","25990","Pyrenees (S)","A","Annual","2016","2016",2.1,,
"INCOME_2","Median employee income ($)","LGA2019","Local Government Areas (2019)","25990","Pyrenees (S)","A","Annual","2016","2016",38890,,
"HIGH_2","Completed Year 12 or equivalent (%)","LGA2019","Local Government Areas (2019)","25990","Pyrenees (S)","A","Annual","2016","2016",29.9,,
"CENSUS_29","Australian citizen (%)","LGA2019","Local Government Areas (2019)","26080","Queenscliffe (B)","A","Annual","2016","2016",88.6,,
"CENSUS_33","Speaks a Language Other Than English at Home (%)","LGA2019","Local Government Areas (2019)","26080","Queenscliffe (B)","A","Annual","2016","2016",2.9,,
"INCOME_2","Median employee income ($)","LGA2019","Local Government Areas (2019)","26080","Queenscliffe (B)","A","Annual","2016","2016",41113,,
"HIGH_2","Completed Year 12 or equivalent (%)","LGA2019","Local Government Areas (2019)","26080","Queenscliffe (B)","A","Annual","2016","2016",53.3,,
"CENSUS_29","Australian citizen (%)","LGA2019","Local Government Areas (2019)","26170","South Gippsland (S)","A","Annual","2016","2016",88.5,,
"CENSUS_33","Speaks a Language Other Than English at Home (%)","LGA2019","Local Government Areas (2019)","26170","South Gippsland (S)","A","Annual","2016","2016",3.4,,
"INCOME_2","Median employee income ($)","LGA2019","Local Government Areas (2019)","26170","South Gippsland (S)","A","Annual","2016","2016",39054,,
"HIGH_2","Completed Year 12 or equivalent (%)","LGA2019","Local Government Areas (2019)","26170","South Gippsland (S)","A","Annual","2016","2016",35.5,,
"CENSUS_29","Australian citizen (%)","LGA2019","Local Government Areas (2019)","26260","Southern Grampians (S)","A","Annual","2016","2016",90.7,,
"CENSUS_33","Speaks a Language Other Than English at Home (%)","LGA2019","Local Government Areas (2019)","26260","Southern Grampians (S)","A","Annual","2016","2016",2.7,,
"INCOME_2","Median employee income ($)","LGA2019","Local Government Areas (2019)","26260","Southern Grampians (S)","A","Annual","2016","2016",38939,,
"HIGH_2","Completed Year 12 or equivalent (%)","LGA2019","Local Government Areas (2019)","26260","Southern Grampians (S)","A","Annual","2016","2016",35.9,,
"CENSUS_29","Australian citizen (%)","LGA2019","Local Government Areas (2019)","26350","Stonnington (C)","A","Annual","2016","2016",76,,
"CENSUS_33","Speaks a Language Other Than English at Home (%)","LGA2019","Local Government Areas (2019)","26350","Stonnington (C)","A","Annual","2016","2016",23.2,,
"INCOME_2","Median employee income ($)","LGA2019","Local Government Areas (2019)","26350","Stonnington (C)","A","Annual","2016","2016",54999,,
"HIGH_2","Completed Year 12 or equivalent (%)","LGA2019","Local Government Areas (2019)","26350","Stonnington (C)","A","Annual","2016","2016",75.5,,
"CENSUS_29","Australian citizen (%)","LGA2019","Local Government Areas (2019)","26430","Strathbogie (S)","A","Annual","2016","2016",88.6,,
"CENSUS_33","Speaks a Language Other Than English at Home (%)","LGA2019","Local Government Areas (2019)","26430","Strathbogie (S)","A","Annual","2016","2016",3.4,,
"INCOME_2","Median employee income ($)","LGA2019","Local Government Areas (2019)","26430","Strathbogie (S)","A","Annual","2016","2016",40594,,
"HIGH_2","Completed Year 12 or equivalent (%)","LGA2019","Local Government Areas (2019)","26430","Strathbogie (S)","A","Annual","2016","2016",35.5,,
"CENSUS_29","Australian citizen (%)","LGA2019","Local Government Areas (2019)","26490","Surf Coast (S)","A","Annual","2016","2016",89.9,,
"CENSUS_33","Speaks a Language Other Than English at Home (%)","LGA2019","Local Government Areas (2019)","26490","Surf Coast (S)","A","Annual","2016","2016",4,,
"INCOME_2","Median employee income ($)","LGA2019","Local Government Areas (2019)","26490","Surf Coast (S)","A","Annual","2016","2016",44611,,
"HIGH_2","Completed Year 12 or equivalent (%)","LGA2019","Local Government Areas (2019)","26490","Surf Coast (S)","A","Annual","2016","2016",55.2,,
"CENSUS_29","Australian citizen (%)","LGA2019","Local Government Areas (2019)","26610","Swan Hill (RC)","A","Annual","2016","2016",81.7,,
"CENSUS_33","Speaks a Language Other Than English at Home (%)","LGA2019","Local Government Areas (2019)","26610","Swan Hill (RC)","A","Annual","2016","2016",11.5,,
"INCOME_2","Median employee income ($)","LGA2019","Local Government Areas (2019)","26610","Swan Hill (RC)","A","Annual","2016","2016",37734,,
"HIGH_2","Completed Year 12 or equivalent (%)","LGA2019","Local Government Areas (2019)","26610","Swan Hill (RC)","A","Annual","2016","2016",32,,
"CENSUS_29","Australian citizen (%)","LGA2019","Local Government Areas (2019)","26670","Towong (S)","A","Annual","2016","2016",89.8,,
"CENSUS_33","Speaks a Language Other Than English at Home (%)","LGA2019","Local Government Areas (2019)","26670","Towong (S)","A","Annual","2016","2016",2.6,,
"INCOME_2","Median employee income ($)","LGA2019","Local Government Areas (2019)","26670","Towong (S)","A","Annual","2016","2016",39723,,
"HIGH_2","Completed Year 12 or equivalent (%)","LGA2019","Local Government Areas (2019)","26670","Towong (S)","A","Annual","2016","2016",32.4,,
"CENSUS_29","Australian citizen (%)","LGA2019","Local Government Areas (2019)","26700","Wangaratta (RC)","A","Annual","2016","2016",90.3,,
"CENSUS_33","Speaks a Language Other Than English at Home (%)","LGA2019","Local Government Areas (2019)","26700","Wangaratta (RC)","A","Annual","2016","2016",4.6,,
"INCOME_2","Median employee income ($)","LGA2019","Local Government Areas (2019)","26700","Wangaratta (RC)","A","Annual","2016","2016",42614,,
"HIGH_2","Completed Year 12 or equivalent (%)","LGA2019","Local Government Areas (2019)","26700","Wangaratta (RC)","A","Annual","2016","2016",37.1,,
"CENSUS_29","Australian citizen (%)","LGA2019","Local Government Areas (2019)","26730","Warrnambool (C)","A","Annual","2016","2016",88.5,,
"CENSUS_33","Speaks a Language Other Than English at Home (%)","LGA2019","Local Government Areas (2019)","26730","Warrnambool (C)","A","Annual","2016","2016",4.3,,
"INCOME_2","Median employee income ($)","LGA2019","Local Government Areas (2019)","26730","Warrnambool (C)","A","Annual","2016","2016",40715,,
"HIGH_2","Completed Year 12 or equivalent (%)","LGA2019","Local Government Areas (2019)","26730","Warrnambool (C)","A","Annual","2016","2016",41,,
"CENSUS_29","Australian citizen (%)","LGA2019","Local Government Areas (2019)","26810","Wellington (S)","A","Annual","2016","2016",86.7,,
"CENSUS_33","Speaks a Language Other Than English at Home (%)","LGA2019","Local Government Areas (2019)","26810","Wellington (S)","A","Annual","2016","2016",3.8,,
"INCOME_2","Median employee income ($)","LGA2019","Local Government Areas (2019)","26810","Wellington (S)","A","Annual","2016","2016",43578,,
"HIGH_2","Completed Year 12 or equivalent (%)","LGA2019","Local Government Areas (2019)","26810","Wellington (S)","A","Annual","2016","2016",33.5,,
"CENSUS_29","Australian citizen (%)","LGA2019","Local Government Areas (2019)","26890","West Wimmera (S)","A","Annual","2016","2016",92.5,,
"CENSUS_33","Speaks a Language Other Than English at Home (%)","LGA2019","Local Government Areas (2019)","26890","West Wimmera (S)","A","Annual","2016","2016",1.9,,
"INCOME_2","Median employee income ($)","LGA2019","Local Government Areas (2019)","26890","West Wimmera (S)","A","Annual","2016","2016",34645,,
"HIGH_2","Completed Year 12 or equivalent (%)","LGA2019","Local Government Areas (2019)","26890","West Wimmera (S)","A","Annual","2016","2016",32.6,,
"CENSUS_29","Australian citizen (%)","LGA2019","Local Government Areas (2019)","26980","Whitehorse (C)","A","Annual","2016","2016",76.9,,
"CENSUS_33","Speaks a Language Other Than English at Home (%)","LGA2019","Local Government Areas (2019)","26980","Whitehorse (C)","A","Annual","2016","2016",36.7,,
"INCOME_2","Median employee income ($)","LGA2019","Local Government Areas (2019)","26980","Whitehorse (C)","A","Annual","2016","2016",48132,,
"HIGH_2","Completed Year 12 or equivalent (%)","LGA2019","Local Government Areas (2019)","26980","Whitehorse (C)","A","Annual","2016","2016",67,,
"CENSUS_29","Australian citizen (%)","LGA2019","Local Government Areas (2019)","27070","Whittlesea (C)","A","Annual","2016","2016",81.6,,
"CENSUS_33","Speaks a Language Other Than English at Home (%)","LGA2019","Local Government Areas (2019)","27070","Whittlesea (C)","A","Annual","2016","2016",44,,
"INCOME_2","Median employee income ($)","LGA2019","Local Government Areas (2019)","27070","Whittlesea (C)","A","Annual","2016","2016",47298,,
"HIGH_2","Completed Year 12 or equivalent (%)","LGA2019","Local Government Areas (2019)","27070","Whittlesea (C)","A","Annual","2016","2016",54.1,,
"CENSUS_29","Australian citizen (%)","LGA2019","Local Government Areas (2019)","27170","Wodonga (C)","A","Annual","2016","2016",89.8,,
"CENSUS_33","Speaks a Language Other Than English at Home (%)","LGA2019","Local Government Areas (2019)","27170","Wodonga (C)","A","Annual","2016","2016",6,,
"INCOME_2","Median employee income ($)","LGA2019","Local Government Areas (2019)","27170","Wodonga (C)","A","Annual","2016","2016",47413,,
"HIGH_2","Completed Year 12 or equivalent (%)","LGA2019","Local Government Areas (2019)","27170","Wodonga (C)","A","Annual","2016","2016",39.9,,
"CENSUS_29","Australian citizen (%)","LGA2019","Local Government Areas (2019)","27260","Wyndham (C)","A","Annual","2016","2016",73.8,,
"CENSUS_33","Speaks a Language Other Than English at Home (%)","LGA2019","Local Government Areas (2019)","27260","Wyndham (C)","A","Annual","2016","2016",41.1,,
"INCOME_2","Median employee income ($)","LGA2019","Local Government Areas (2019)","27260","Wyndham (C)","A","Annual","2016","2016",50442,,
"HIGH_2","Completed Year 12 or equivalent (%)","LGA2019","Local Government Areas (2019)","27260","Wyndham (C)","A","Annual","2016","2016",58.2,,
"CENSUS_29","Australian citizen (%)","LGA2019","Local Government Areas (2019)","27350","Yarra (C)","A","Annual","2016","2016",77.3,,
"CENSUS_33","Speaks a Language Other Than English at Home (%)","LGA2019","Local Government Areas (2019)","27350","Yarra (C)","A","Annual","2016","2016",22.3,,
"INCOME_2","Median employee income ($)","LGA2019","Local Government Areas (2019)","27350","Yarra (C)","A","Annual","2016","2016",57107,,
"HIGH_2","Completed Year 12 or equivalent (%)","LGA2019","Local Government Areas (2019)","27350","Yarra (C)","A","Annual","2016","2016",73.6,,
"CENSUS_29","Australian citizen (%)","LGA2019","Local Government Areas (2019)","27450","Yarra Ranges (S)","A","Annual","2016","2016",89,,
"CENSUS_33","Speaks a Language Other Than English at Home (%)","LGA2019","Local Government Areas (2019)","27450","Yarra Ranges (S)","A","Annual","2016","2016",7.2,,
"INCOME_2","Median employee income ($)","LGA2019","Local Government Areas (2019)","27450","Yarra Ranges (S)","A","Annual","2016","2016",46816,,
"HIGH_2","Completed Year 12 or equivalent (%)","LGA2019","Local Government Areas (2019)","27450","Yarra Ranges (S)","A","Annual","2016","2016",47.1,,
"CENSUS_29","Australian citizen (%)","LGA2019","Local Government Areas (2019)","27630","Yarriambiack (S)","A","Annual","2016","2016",90.3,,
"CENSUS_33","Speaks a Language Other Than English at Home (%)","LGA2019","Local Government Areas (2019)","27630","Yarriambiack (S)","A","Annual","2016","2016",2.4,,
"INCOME_2","Median employee income ($)","LGA2019","Local Government Areas (2019)","27630","Yarriambiack (S)","A","Annual","2016","2016",35547,,
"HIGH_2","Completed Year 12 or equivalent (%)","LGA2019","Local Government Areas (2019)","27630","Yarriambiack (S)","A","Annual","2016","2016",28.4,,
"CENSUS_29","Australian citizen (%)","LGA2019","Local Government Areas (2019)","29399","Unincorporated Vic","A","Annual","2016","2016",62.4,,
"CENSUS_33","Speaks a Language Other Than English at Home (%)","LGA2019","Local Government Areas (2019)","29399","Unincorporated Vic","A","Annual","2016","2016",12.3,,
"INCOME_2","Median employee income ($)","LGA2019","Local Government Areas (2019)","29399","Unincorporated Vic","A","Annual","2016","2016",13841,,
"HIGH_2","Completed Year 12 or equivalent (%)","LGA2019","Local Government Areas (2019)","29399","Unincorporated Vic","A","Annual","2016","2016",52.5,,
